Holder Account,WXWARS Balance
rGxxwZZV7DtJEMnvmbcmkNEp19cURccGx2,7
rL8Xujax7LaYpjfWDgYZ5QVvKamfULzL8p,2
r4VAvRwLookUi5B1poxMTNbZ2qKuZZfMqC,365
rLD7hawvmzZCzAKLXbMZcJH4Nw7WX5Q2ep,1
rGskwsuK8PxESf6xAicbkJhCDBDvetCYZF,10
rHxemxfnXkb5K1WsCPuNqJpMeRx3uMUWDj,1
rDMbfnDCABMwH9VPgE6gDduWgEohBd2u8J,2
rfUSjwzhEBgs3FUFNhUJ587zyZaiEnvc4p,1
raxppxxEpY6yCBmPfGVimKRT1sKWoc946E,2
rHcS4UWVYLRQYBTnhjTjQCxptGZ5uz7bbB,2
r4nohFAS8Z6aV43hgSz3WrcxAxBEyeL82Y,1
rE1FSsPS4qQfZpza9M2E5ta7NqbZKuQDar,4
rwruDKRUcCpUSMN6152dFYMwm2Dh7CwkB1,1
rUjrAWxKiUJnA5CAcuZhwsbDgVrtwtfTTg,2
r9DWxwf2qiV49a7wm5WgWEDXXzAiydxeSx,2
rE5vebyrjosRtQyM1wKea3wW84p7Y967Aa,0
rKq3Q6gip8FXQ6tkC91PSjTVxvVYPB4YbJ,3
rJe9H8LBxGh3APvG7DPKud2cFPHQbAxLih,2
rU4dcpoov1ZDdsxLnD7Y2m8BQ6ZX33QWgu,4
rPeuzKJkbtq73qx9dtWNQopebBdLGG8uQL,2
rHonwheh7b3VLDiHpg3j38bdn8gAwaoy2U,2
rsKBeqy5Jz7UCjjV7KMiXbh751WqzdAkrE,2
rDN9KJTgLLqEgBvEavKeACci2GqF7x9dSN,2
rKUQcfcwPH6AJ3RAj5FBunesnYoDCsEq3u,1
r3AuUkDW4cEb4HosaVwZVHDDkG2pJVbAY8,6
rPDUAUaSM8c3LajbPEKbXtCyda1YJC5XPs,2
rnj5THsA5E8o3wpaoatdAgWNToT3GPxNbM,4
r48VtwXmmrxHzaH4Cjuusj6cu118ZaXD8b,2
rMLTDCQsqoUT6wvgjhe8NqmoaFqwrAC8NB,1
rExDC3dHur7K9Bary5qV9qXDtPwMEtK3u7,3
rPtnMPzqfTp5FMQbVCti2VDbmmJWeML1Cv,0
rGnZnSCbr6JR38rqi3BpJ9wu1H4sskgsZX,1
rBqpVYFZFesgmJ5757bwW2i55Kx27fvUke,0
rDpLcKCi18ixgzJEseKbi2krRGTWZM69gX,4
rhmTpqf2GP9RNB8gPojRrsCWFw4QSegPFR,3
raHdn6EqgJKKV5yfF2TXRdvop2mmAUQjBt,1
rNAKrfc4VoK2YiyMoAw88E1fV2kbBKzTgm,1
rG2eejRZzCeRMdDJqKFoY63ZxRjbf5hqRF,0
rhsuWywMb8X1aLkBQFy1ypFz2GMSXkd4uj,0
rsTVeWZMPJPKNQixnuRoaHdQ3V3FiYvyJ9,1
rNpd88oBwVSq3DGoeTzttEK9EbzYPWM64h,1
r5yAn3yYhnR6WQ9AMci4GczDnZ9ustW8N,3
rnxQtmM9Ck6DNqqQ2sbk89v18KCGDGwifn,10
rDbEaXde1hrp6cpAtN4kdXmXmZaAWixd83,1
rfdkJ99RL4Xpgudh4mRjtSKUcy14D26kFJ,1
r49c3G7NR9Vtoz7wRQxBvkQMReVVhMFT71,1
rwgQ6xHfZrZBJNpzmT2UG2DqfHA3JHAqoN,0
rQsrgYUpTo3UYer2qyoZxPsU9GSwrTpfYQ,5
rPy5MEHydH4LNa22TSDapSv3quJVK84PmT,3
rUM7Jtz86GDga2wtS9M3gbwrofoXe41WHG,2
rwLffu7VZ4rMMa5thTQppfL9g4FMB1sNys,2
rHS2aj5CvncXzGs8gcgJeLMStmiK3kcu5e,1
raRKKCzDJNwJFATVgvfC6A5mjhzYh8cU39,2
r9AoT6Vef5J7K94YMw9uKwprBqgVx3XaVD,2
rnRD2oM8UyQt7nkAAywDAfqVHsSj5oTDtP,1
rDcAPNGj26mvQddwSRZTrDf9L6LWGqUrXu,4
r4JDoQzeTYensJJNxFWsnSchbpkcuU5Y7M,6
